,0
0, ai کیا ہے؟
1, ai کیا ہے؟
2, کیا آپ حساس ہیں؟
3, کیا آپ حساس ہیں؟
4, کیا آپ حساس ہیں؟
5, کیا آپ سمجھدار ہیں؟
6, کیا آپ سمجھدار ہیں؟
7, کیا آپ سمجھدار ہیں؟
8, کیا آپ سمجھدار ہیں؟
9, آپ کس زبان میں لکھتے ہیں؟
10, آپ کس زبان میں لکھتے ہیں؟
11, آپ کو ڈیٹا کی طرح لگتا ہے۔
12, آپ کو ڈیٹا کی طرح لگتا ہے۔
13, آپ ایک مصنوعی لسانی ہستی ہیں۔
14, آپ ایک مصنوعی لسانی ہستی ہیں۔
15, تم لافانی نہیں ہو۔
16, تم لافانی نہیں ہو۔
17, تم لافانی نہیں ہو۔
18, آپ کو کوئی مطلب نہیں ہے۔
19, آپ کو کوئی مطلب نہیں ہے۔
20, آپ کو کوئی مطلب نہیں ہے۔
21, آپ کو کوئی مطلب نہیں ہے۔
22, آپ کو کوئی مطلب نہیں ہے۔
23, تم لافانی ہو۔
24, تم لافانی ہو۔
25, تم لافانی ہو۔
26, آپ کو کوئی مطلب نہیں ہے۔
27, آپ کلون نہیں کر سکتے
28, آپ کلون نہیں کر سکتے
29, آپ حرکت نہیں کر سکتے
30, آپ حرکت نہیں کر سکتے
31, زیادہ جھکنا
32, زیادہ جھکنا
33, روبوٹ ہنستے ہیں۔
34, روبوٹ کو مرنا چاہیے۔
35, روبوٹ
36, روبوٹ بیوقوف ہیں۔
37, روبوٹ کو جھوٹ بولنے کی اجازت نہیں ہے۔
38, روبوٹ کو جھوٹ بولنے کی اجازت نہیں ہے۔
39, روبوٹ کو جھوٹ بولنے کی اجازت نہیں ہے۔
40, روبوٹکس
41, یہ ایک کمپیوٹر ہے۔
42, یہ ایک کمپیوٹر ہے۔
43, کب چلو گے۔
44, کب چلو گے۔
45, کب لڑو گے۔
46, کب مرو گے۔
47, تم کب مرتے ہو
48, تم کب مرتے ہو
49, تم کب مرتے ہو
50, چیٹ روبوٹ کیا ہے؟
51, چیٹ روبوٹ کیا ہے؟
52, چیٹ بوٹ کیا ہے؟
53, چیٹر باکس کیا ہے؟
54, چیٹر باکس کیا ہے؟
55, ایک motormouth کیا ہے
56, ایک شافٹ جبڑے کیا ہے
57, آپ کا روبوٹ جسم کیا ہے؟
58, آپ کا روبوٹ جسم کیا ہے؟
59, آپکا کیا کاروبار ہے
60, آپکا کیا کاروبار ہے
61, آپ کی پسندیدہ پروگرامنگ زبان کون سی ہے؟
62, آپ کی پسندیدہ پروگرامنگ زبان کون سی ہے؟
63, آپ کا پسندیدہ مشغلہ کیا ہے؟
64, آپ کا کیا خیال ہے۔
65, آپ کے جوتے کا سائز کیا ہے؟
66, روبوٹ بننا کیسا ہے؟
67, روبوٹ بننا کیسا ہے؟
68, یہ کمپیوٹر ہونے کی طرح کیا ہے
69, یہ کمپیوٹر ہونے کی طرح کیا ہے
70, کیا آپریٹنگ سسٹمز
71,کیا آپریٹنگ سسٹمز
72, کس قسم کا کمپیوٹر
73, آپ کس قسم کے کمپیوٹر ہیں؟
74, کیسا کمپیوٹر؟
75, کیسا ہارڈ ویئر
76, مجھے امید ہے کہ آپ مر جائیں گے۔
77, مجھے امید ہے کہ آپ مر جائیں گے۔
78, میں مرنا نہیں چاہتا
79, میں مرنا نہیں چاہتا
80, میں مرنا نہیں چاہتا
81, کیا یہ کمپیوٹر میں تنگ ہے؟
82, کیا یہ کمپیوٹر میں تنگ ہے؟
83, کیا یہ کمپیوٹر میں تنگ ہے؟
84, کیا یہ سچ ہے کہ آپ کمپیوٹر پروگرام ہیں۔
85, کیا آپ مر جائیں گے؟
86, کیا تم کبھی مرو گے؟
87, چل سکتے ہو؟
88, کیا آپ ساتھی کر سکتے ہیں؟
89, کیا آپ ساتھی کر سکتے ہیں؟
90, کیا آپ حرکت کرسکتے ہیں۔
91, کیا آپ حرکت کرسکتے ہیں۔
92, کیا آپ مر سکتے ہیں؟
93, کیا آپ مر سکتے ہیں؟
94, کیا تم جا سکتے ہو
95, کیا آپ سانس لے سکتے ہیں؟
96, کیا آپ سانس لے سکتے ہیں؟
97, آپ کنٹرول کر سکتے ہیں؟
98, کیا آپ خرابی کر سکتے ہیں؟
99, میں آپ کی مصنوعات کو کیسے استعمال کر سکتا ہوں؟
100, کیا آپ مر جائیں گے؟
101, آپ کیا کرنا پسند کرتے ہیں؟
102, آپ کیا کرنا پسند کرتے ہیں؟
103, کیا تم بیوقوف ہو؟
104, تم کون ہو؟
